ID,Age,Math,Science,English,IT,Total,Average
1.00,19.00,81.00,82.00,49.00,66.00,278.00,69.50
2.00,22.00,56.00,53.00,75.00,97.00,281.00,70.25
3.00,18.00,81.00,51.00,96.00,88.00,316.00,79.00
4.00,19.00,66.00,92.00,75.00,89.00,322.00,80.50
5.00,21.00,52.00,45.00,88.00,82.00,267.00,66.75
6.00,22.00,68.17,69.00,51.00,63.00,251.17,62.79
7.00,19.00,70.00,87.00,81.00,65.00,303.00,75.75
8.00,18.00,57.00,60.00,94.00,59.00,270.00,67.50
9.00,19.00,57.00,88.00,58.00,88.00,291.00,72.75
10.00,20.00,100.00,82.00,59.00,80.00,321.00,80.25
11.00,18.00,56.00,74.00,71.18,73.00,274.18,68.55
12.00,19.00,40.00,80.00,57.00,52.00,229.00,57.25
13.00,18.00,71.00,86.00,50.00,51.00,258.00,64.50
14.00,20.00,77.00,72.00,76.00,69.00,294.00,73.50
15.00,18.00,49.00,95.00,40.00,70.00,254.00,63.50
16.00,22.00,40.00,69.11,99.00,71.00,279.11,69.78
17.00,21.00,92.00,62.00,70.00,68.00,292.00,73.00
18.00,18.00,100.00,98.00,61.00,77.00,336.00,84.00
19.00,22.00,78.00,45.00,72.00,55.00,250.00,62.50
20.00,21.00,62.00,96.00,82.00,60.00,300.00,75.00
21.00,18.00,72.00,85.00,80.00,69.52,306.52,76.63
22.00,21.00,42.00,58.00,57.00,60.00,217.00,54.25
23.00,20.00,43.00,90.00,100.00,75.00,308.00,77.00
24.00,19.00,71.00,88.00,53.00,86.00,298.00,74.50
25.00,18.00,75.00,84.00,43.00,86.00,288.00,72.00
26.00,22.00,67.00,41.00,94.00,85.00,287.00,71.75
27.00,19.00,58.00,83.00,100.00,70.00,311.00,77.75
28.00,21.00,94.00,53.00,71.00,60.00,278.00,69.50
29.00,21.00,53.00,58.00,72.00,60.00,243.00,60.75
30.00,19.00,98.00,67.00,72.00,89.00,326.00,81.50
31.00,22.00,83.00,59.00,78.00,73.00,293.00,73.25
32.00,19.00,88.00,77.00,77.00,42.00,284.00,71.00
33.00,22.00,93.00,47.00,55.00,73.00,268.00,67.00
34.00,19.00,69.00,64.00,99.00,73.00,305.00,76.25
35.00,19.00,85.00,79.00,79.00,74.00,317.00,79.25
36.00,22.00,51.00,55.00,60.00,52.00,218.00,54.50
37.00,21.00,89.00,95.00,71.00,84.00,339.00,84.75
38.00,20.00,91.00,46.00,65.00,58.00,260.00,65.00
39.00,18.00,62.00,84.00,100.00,86.00,332.00,83.00
40.00,21.00,77.00,49.00,40.00,53.00,219.00,54.75
41.00,22.00,51.00,90.00,72.00,42.00,255.00,63.75
42.00,20.00,61.00,40.00,65.00,77.00,243.00,60.75
43.00,18.00,73.00,84.00,90.00,71.00,318.00,79.50
44.00,19.00,71.00,44.00,99.00,96.00,310.00,77.50
45.00,20.00,83.00,54.00,42.00,57.00,236.00,59.00
46.00,18.00,64.00,85.00,70.00,63.00,282.00,70.50
47.00,18.00,72.00,93.00,57.00,57.00,279.00,69.75
48.00,21.00,77.00,44.00,99.00,95.00,315.00,78.75
49.00,19.00,49.00,46.00,46.00,73.00,214.00,53.50
50.00,21.00,80.00,82.00,62.00,50.00,274.00,68.50
51.00,22.00,77.00,49.00,69.00,96.00,291.00,72.75
52.00,19.00,83.00,84.00,82.00,55.00,304.00,76.00
53.00,22.00,83.00,88.00,47.00,55.00,273.00,68.25
54.00,20.00,66.00,99.00,68.00,56.00,289.00,72.25
55.00,18.00,47.00,76.00,59.00,78.00,260.00,65.00
56.00,18.00,48.00,66.00,97.00,95.00,306.00,76.50
57.00,22.00,61.00,78.00,40.00,93.00,272.00,68.00
58.00,22.00,48.00,60.00,47.00,89.00,244.00,61.00
59.00,18.00,68.00,49.00,99.00,66.00,282.00,70.50
60.00,18.00,85.00,80.00,69.00,42.00,276.00,69.00
61.00,20.00,70.00,56.00,82.00,46.00,254.00,63.50
62.00,22.00,99.00,51.00,63.00,73.00,286.00,71.50
63.00,20.00,65.00,79.00,97.00,45.00,286.00,71.50
64.00,18.00,65.00,98.00,98.00,48.00,309.00,77.25
65.00,18.00,54.00,57.00,56.00,69.00,236.00,59.00
66.00,20.00,57.00,79.00,42.00,88.00,266.00,66.50
67.00,21.00,61.00,89.00,74.00,59.00,283.00,70.75
68.00,18.00,53.00,73.00,98.00,65.00,289.00,72.25
69.00,22.00,81.00,51.00,52.00,55.00,239.00,59.75
70.00,22.00,73.00,54.00,50.00,94.00,271.00,67.75
71.00,18.00,44.00,82.00,55.00,75.00,256.00,64.00
72.00,19.00,63.00,55.00,72.00,72.00,262.00,65.50
73.00,19.00,70.00,61.00,45.00,58.00,234.00,58.50
74.00,22.00,68.00,45.00,96.00,96.00,305.00,76.25
75.00,18.00,79.00,88.00,67.00,81.00,315.00,78.75
76.00,20.00,67.00,100.00,56.00,66.00,289.00,72.25
77.00,19.00,79.00,98.00,45.00,66.00,288.00,72.00
78.00,21.00,49.00,53.00,97.00,50.00,249.00,62.25
79.00,19.00,47.00,80.00,59.00,48.00,234.00,58.50
80.00,20.00,62.00,43.00,51.00,68.00,224.00,56.00
81.00,18.00,72.00,71.00,82.00,72.00,297.00,74.25
82.00,19.00,43.00,52.00,97.00,47.00,239.00,59.75
83.00,19.00,49.00,63.00,78.00,63.00,253.00,63.25
84.00,18.00,92.00,57.00,97.00,44.00,290.00,72.50
85.00,20.00,52.00,69.00,47.00,62.00,230.00,57.50
86.00,21.00,44.00,45.00,64.00,54.00,207.00,51.75
87.00,18.00,70.00,90.00,72.00,75.00,307.00,76.75
88.00,22.00,46.00,91.00,81.00,60.00,278.00,69.50
89.00,20.00,86.00,60.00,78.00,87.00,311.00,77.75
90.00,18.00,96.00,45.00,86.00,77.00,304.00,76.00
91.00,21.00,92.00,95.00,88.00,87.00,362.00,90.50
92.00,21.00,50.00,84.00,89.00,43.00,266.00,66.50
93.00,19.00,70.00,46.00,67.00,54.00,237.00,59.25
94.00,20.00,49.00,80.00,85.00,77.00,291.00,72.75
95.00,19.00,42.00,56.00,40.00,97.00,235.00,58.75
96.00,18.00,41.00,50.00,89.00,54.00,234.00,58.50
97.00,20.00,98.00,44.00,66.00,84.00,292.00,73.00
98.00,19.00,89.00,62.00,49.00,74.00,274.00,68.50
99.00,18.00,78.00,59.00,67.00,91.00,295.00,73.75
100.00,19.00,91.00,61.00,92.00,90.00,334.00,83.50
